{"pggan_celebahq1024": {"Z": [0.0, 26.160940170288086]}, "pggan_church256": {"Z": [0.0, 26.372758865356445]}, "pggan_car256": {"Z": [0.0, 26.508817672729492]}, "stylegan2_ffhq1024": {"Z": [0.0, 26.317651748657227], "W": {"0": [19.57907540870435, 7.947286029263978e-08], "1": [27.702498551571004, -5.404154457266941e-07], "2": [33.93401197953658, -2.288818361506628e-06], "3": [39.186808484973334, -1.4940897656856578e-06], "4": [43.81431937940194, 5.08626296635839e-07], "5": [47.99774609190047, 2.543131394361353e-07], "6": [51.844696507309436, 3.178914305124181e-07], "7": [55.42527915492205, -2.225240088193914e-06], "8": [58.7881844260476, -2.6702880973061838e-06], "9": [61.96886169549192, -3.1153361064184537e-06], "10": [64.99406450445004, -3.2424926885710192e-06], "11": [67.8845954952818, -5.658467614466645e-06], "12": [70.65696912823302, -6.0399373467134865e-06], "13": [73.3245953357581, -5.0862630303072365e-06], "14": [75.89851307146478, -5.086263143994074e-07], "15": [78.38796086744829, 2.670288083095329e-06], "16": [80.800750616825, 5.976359041426349e-06], "17": [83.14354763608989, 9.409586589015362e-06]}, "S": [575.90196204908, 0.0029225667315699866]}, "stylegan2_afhqcat512": {"Z": [0.0, 26.818819046020508], "W": {"0": [16.706709955677844, 4.1325886890319907e-07], "1": [23.63838710206928, -5.404154462596011e-06], "2": [28.95569947271637, -5.594889328719432e-06], "3": [33.437876455711596, -2.4159749365537664e-06], "4": [37.38649965055061, 2.5113423625100495e-06], "5": [40.95618389592027, 9.091695144292089e-06], "6": [44.23875993670839, 1.4432271321140888e-05], "7": [47.29403721202504, 2.0217895503549244e-05], "8": [50.163575894904874, 2.568562824478704e-05], "9": [52.87763052275687, 2.5876363114463174e-05], "10": [55.45901156916763, 3.229777017921265e-05], "11": [57.92547653660631, 3.5794576000114375e-05], "12": [60.29111737915965, 3.992716469980451e-05], "13": [62.56738483544552, 4.399617512973464e-05], "14": [64.76369404070306, 4.6412150055630264e-05], "15": [66.88792841362233, 4.851023354035533e-05]}, "S": [777.434843121153, -0.0007314046224564663]}, "stylegan2_afhqdog512": {"Z": [0.0, 26.66486167907715], "W": {"0": [16.64568906119376, -1.1126200387678864e-06], "1": [23.552031979416363, 2.7974446563661104e-06], "2": [28.84992343729193, 1.2397766067095972e-06], "3": [33.31574587388472, -7.62939453125e-06], "4": [37.24995975783377, -1.3224283854640362e-05], "5": [40.80660825787169, -1.0426839192945181e-05], "6": [44.07719135284424, -5.149841310725378e-06], "7": [47.12130954048852, 1.907348554652799e-07], "8": [49.980370203653976, 3.9418538371194245e-06], "9": [52.68450445117372, 7.375081381155724e-06], "10": [55.256449612704195, 2.0599365228690658e-05], "11": [57.71387559717352, 4.539489745880587e-05], "12": [60.070857972809776, 6.720225015754977e-05], "13": [62.33878231048584, 9.155273436789457e-05], "14": [64.5270491513339, 0.00011043548583700158], "15": [66.64350081935073, 0.0001284281412736732]}, "S": [315.87330003218216, -0.000292968750017053]}, "stylegan2_car512": {"Z": [0.0, 26.262136459350586], "W": {"0": [39.003988352688886, -3.8146973579955556e-07], "1": [55.186865084099054, 1.2079874629478127e-06], "2": [67.60082429828067, -4.4504802332312465e-07], "3": [78.06504995172676, 4.386901835573553e-06], "4": [87.28364048582137, 7.120768209745165e-06], "5": [95.61754093748151, 1.3224283847534934e-05], "6": [103.28114047194974, 2.1616617821962336e-05], "7": [110.41410573323571, 2.4286905905057665e-05], "8": [117.11343719020034, 2.0853678378784934e-05], "9": [123.4497488195246, 1.7166137681101645e-05], "10": [129.47633870442706, 1.6657511395123947e-05], "11": [135.23462879296503, 1.4623006194369736e-05], "12": [140.75754408402878, 1.5258789048289145e-05], "13": [146.07180005853826, 1.2588500965193816e-05], "14": [151.1993871168657, 1.0299682600134474e-05], "15": [156.15866666851625, 2.3142496715422567e-05]}, "S": [1588.1008319276757, 0.0012410481767801684]}, "stylegan2_church256": {"Z": [0.0, 26.32453155517578], "W": {"0": [62.62643692710184, -4.005432138853848e-06], "1": [88.61033977161756, 3.8146972514141453e-06], "2": [108.54270270376497, 3.941853819355856e-06], "3": [125.34448739254114, 2.301534016169171e-05], "4": [140.14621041037822, 4.425048827272349e-05], "5": [153.527472004746, 5.772908525614184e-05], "6": [165.8324489015521, 8.290608725758375e-05], "7": [177.285446398186, 7.349650063304125e-05], "8": [188.0421871994481, 6.001790363541204e-05], "9": [198.21604248971653, 4.7556559209738225e-05], "10": [207.8925906094638, 3.9672851542604803e-05], "11": [217.13835652669272, 2.848307289582408e-05], "12": [226.00619818947536, 1.7547607384926778e-05], "13": [234.53902458422118, -9.66389978884763e-06]}, "S": [2697.6721727775807, -0.00019124348978039052]}}