{"pggan_celebahq1024": {"Z": [0.0, 25.2520751953125]}, "pggan_church256": {"Z": [0.0, 25.425033569335938]}, "pggan_car256": {"Z": [0.0, 25.058637619018555]}, "stylegan2_ffhq1024": {"Z": [0.0, 25.025753021240234], "W": {"0": [15.646493726306492, -2.1987491294339634e-07], "1": [22.138273647853303, 5.381447945040918e-07], "2": [27.118146389249763, 8.817703367469676e-08], "3": [31.315886928921643, -2.134413890075848e-07], "4": [35.01393566812787, -2.1117073956133936e-07], "5": [38.3570922972664, 1.6500079169645687e-07], "6": [41.43136237159608, -1.479708959806203e-06], "7": [44.29275582328675, -3.3529977727653204e-07], "8": [46.98019926131717, -5.305759458451575e-07], "9": [49.52201658581929, -3.3302907098686774e-08], "10": [51.9395902724493, -7.583981442849108e-07], "11": [54.24953210164629, 5.911267066949222e-07], "12": [56.46505822832621, -2.5582691165482174e-07], "13": [58.59687478201729, 2.724783811913767e-07], "14": [60.653810508667455, -6.478930174580455e-07], "15": [62.643237545376714, -2.270652288416386e-08], "16": [64.57140461603798, 7.947286064791115e-07], "17": [66.44364174585493, -2.603682318635947e-07]}, "S": [432.8705978393554, 0.00012054443359943434]}, "stylegan2_afhqcat512": {"Z": [0.0, 25.004657745361328], "W": {"0": [12.415396983661344, 1.4267270742607252e-07], "1": [17.566585832171967, -5.2981905085403014e-08], "2": [21.518084026518316, 2.509071723721945e-07], "3": [24.848964350564135, 4.4958932221561554e-07], "4": [27.783342868562723, 1.0323902941422602e-06], "5": [30.43612022248525, -1.2791345582741087e-07], "6": [32.87553092790028, 3.9812118401982843e-07], "7": [35.14603342328752, -1.4100755940660292e-06], "8": [37.27849858904641, 1.2730795297954955e-06], "9": [39.29541730880736, 2.3841858620698986e-07], "10": [41.213745790814585, 9.408072862981953e-07], "11": [43.046675174955325, -1.0323902870368329e-06], "12": [44.80467766050308, 7.864028681581203e-07], "13": [46.49626310287959, 4.3520851988887443e-07], "14": [48.1284261128259, 1.195120432839758e-06], "15": [49.70702402932302, 2.4454934290929486e-06]}, "S": [600.4410146077471, 5.060831722403236e-05]}, "stylegan2_afhqdog512": {"Z": [0.0, 24.892065048217773], "W": {"0": [14.381280825251622, 1.1807396305130169e-07], "1": [20.34812242644173, -4.4277735788966766e-07], "2": [24.925309714816866, -1.3850984181829062e-07], "3": [28.78361156630137, -7.795909073848861e-07], "4": [32.1826271632361, -8.136507076983435e-07], "5": [35.25544650970942, 3.3984109037987764e-07], "6": [38.08111885237315, 1.5092274487926716e-06], "7": [40.71113889936416, 2.346341787529127e-08], "8": [43.181272635384204, -2.240377757090073e-06], "9": [45.51754590443201, 1.96184431544566e-06], "10": [47.73963183448428, -1.952761685686255e-07], "11": [49.862787761385476, 3.8449726247336e-07], "12": [51.89916059705944, -1.1179182202170068e-06], "13": [53.85859630978296, -1.565236892986377e-06], "14": [55.74919962504553, -1.2972998248983458e-06], "15": [57.577758418189156, 2.755059114178948e-07]}, "S": [200.9864598834325, 4.521627276687923e-05]}, "stylegan2_car512": {"Z": [0.0, 24.999969482421875], "W": {"0": [31.67864671964493, 6.418379570050092e-07], "1": [44.822222891308, -4.3369474411747433e-07], "2": [54.90471177630952, 9.006924202026312e-07], "3": [63.403662492358485, -1.159546862083971e-06], "4": [70.89091176835316, -1.7014760800293516e-06], "5": [77.65962712726896, -9.97573614824887e-07], "6": [83.88393589806934, -1.1277577200985434e-06], "7": [89.67725800711008, -2.1177624844881393e-06], "8": [95.11838763100758, -1.3215201164484824e-06], "9": [100.2646639839051, 3.89492701913241e-06], "10": [105.15940576886373, 3.481668144900141e-07], "11": [109.83622950599306, 1.8074399008582986e-06], "12": [114.3218844126141, 9.688121593853793e-08], "13": [118.63806261335098, 3.0245099793546615e-06], "14": [122.80263531397259, 6.963336147691734e-07], "15": [126.83053554050501, -2.2403777393265045e-06]}, "S": [1095.2744392516115, -0.0002946157301266794]}, "stylegan2_church256": {"Z": [0.0, 24.950340270996094], "W": {"0": [51.69824263406177, 1.1133769248772296e-06], "1": [73.1480158472818, -1.2882172129025093e-06], "2": [89.6022248949323, -1.444135378392275e-06], "3": [103.4721541934543, -1.4834933779184212e-06], "4": [115.69103934272887, -3.908550937126165e-06], "5": [126.73730312831813, -1.9557892159127732e-06], "6": [136.89511701795786, -1.356336781555001e-06], "7": [146.34957975054542, -3.3999246227267577e-06], "8": [155.22927285754488, 4.2082773177298805e-07], "9": [163.62780056302506, -3.272768040574192e-06], "10": [171.6157943786136, 4.7078208638140495e-06], "11": [179.24819970509358, -6.808931843238497e-06], "12": [186.5685974302746, -1.8982660208166635e-06], "13": [193.61241679721408, 3.284878204112829e-06]}, "S": [1980.1676674494665, -0.00017913333954311383]}}