{"pggan_celebahq1024": {"Z": [0.0, 26.065635681152344]}, "pggan_church256": {"Z": [0.0, 26.1029052734375]}, "pggan_car256": {"Z": [0.0, 25.95277976989746]}, "stylegan2_ffhq1024": {"Z": [0.0, 25.983678817749023], "W": {"0": [18.648088148662023, 4.666192179314521e-07], "1": [26.38524085756331, 4.0569003090240585e-07], "2": [32.32044422815716, 2.1949647077690315e-07], "3": [37.3234691619873, 7.629394538355427e-07], "4": [41.7309447924296, 1.0331471784752466e-06], "5": [45.71544470105852, 1.6893659307015696e-06], "6": [49.37947641857085, 9.052337190951221e-07], "7": [52.78979592096237, 8.333297039087029e-07], "8": [55.99279308319092, 1.9073486292597863e-06], "9": [59.022228407481364, 2.054184200517284e-06], "10": [61.90358497226047, 1.1837671749503897e-06], "11": [64.65666485589647, 1.927027632575573e-06], "12": [67.29720668187215, 3.303043428104502e-06], "13": [69.83799399269951, 1.7272101544563156e-06], "14": [72.28952365451389, 2.2358364546448684e-06], "15": [74.66060076819524, 3.041161441785789e-06], "16": [76.95866250991821, 4.577636715907829e-06], "17": [79.19006654194419, 3.106253508633472e-06]}, "S": [557.6145914471336, 0.00019453745051123406]}, "stylegan2_afhqcat512": {"Z": [0.0, 26.150211334228516], "W": {"0": [17.503458844290837, -1.9894705864942352e-06], "1": [24.765700272151395, -2.489771159019938e-06], "2": [30.336597260974692, -3.285635077787674e-06], "3": [35.032534035425336, -3.2780662415632378e-06], "4": [39.16947568030583, -3.1085241332107216e-06], "5": [42.90940737345861, -3.5861181792995467e-06], "6": [46.34853596914381, -4.218873517203292e-06], "7": [49.54952901507179, -4.401282652111149e-06], "8": [52.55592683004953, -4.641971884211671e-06], "9": [55.399411572350395, -4.280938043166316e-06], "10": [58.10390786519125, -4.9939231239193305e-06], "11": [60.68800301021999, -5.287594262881612e-06], "12": [63.16647254096136, -6.400214296320428e-06], "13": [65.55129693046446, -5.15135506873321e-06], "14": [67.85235297490676, -5.4647051968004234e-06], "15": [70.07789246241249, -6.0717264744880595e-06]}, "S": [799.1370017642066, 0.00032461257205795846]}, "stylegan2_afhqdog512": {"Z": [0.0, 25.89827537536621], "W": {"0": [14.965186611054433, 1.350660172150242e-06], "1": [21.174291868058457, 1.598918251133341e-06], "2": [25.93732249169122, 1.7733801005448413e-06], "3": [29.952276468276978, 2.3365020744847698e-06], "4": [33.489299369236775, 1.855880494616713e-06], "5": [36.68688260562835, 2.1450103346865035e-06], "6": [39.627284118107376, 2.6089804556761464e-06], "7": [42.36408649172102, 1.4100755940660292e-06], "8": [44.93450439543951, 4.616237820442848e-06], "9": [47.365644909086676, 2.515883675613395e-06], "10": [49.67794924690609, 1.101266771996734e-06], "11": [51.8873107092721, 1.485007157242535e-06], "12": [54.00635980424426, 2.593085881130719e-06], "13": [56.045352057805125, 1.8180362815201079e-06], "14": [58.0127195025247, 2.6218474928896285e-06], "15": [59.91552330955624, 1.145922958301071e-06]}, "S": [227.23365547543477, 0.00013424101331338534]}, "stylegan2_car512": {"Z": [0.0, 25.876155853271484], "W": {"0": [36.49133160000755, 2.0140693344217198e-06], "1": [51.631704504527725, 2.932170090730324e-06], "2": [63.24594854930089, 2.8034997399117856e-06], "3": [73.03606986242625, 5.034794895664163e-06], "4": [81.66079695262604, 4.716903454493604e-06], "5": [89.45783412267289, 3.595200801953524e-06], "6": [96.62774821690147, 6.3487461829936365e-06], "7": [103.30120322817845, 5.949111226755122e-06], "8": [109.5689617792765, 6.0399373467134865e-06], "9": [115.49708731212311, 2.8095548145756766e-06], "10": [121.13543732961018, 4.069010415719276e-06], "11": [126.52277496882843, 5.667550240673336e-06], "12": [131.6898999743991, 5.573696569172171e-06], "13": [136.66180896759033, 2.86102294921875e-06], "14": [141.45906492263552, 5.909753213018121e-06], "15": [146.09887916322737, 7.844349696028985e-06]}, "S": [1228.9994521368117, -0.0002663021996340831]}, "stylegan2_church256": {"Z": [0.0, 25.687602996826172], "W": {"0": [61.87856361601088, -9.748670848352958e-07], "1": [87.55218189481702, -1.550099199221222e-06], "2": [107.2465220860072, -2.2206987395634314e-06], "3": [123.84769230797177, -1.998174752770865e-06], "4": [138.47268433041037, -2.3312036034894845e-07], "5": [151.6941747059897, -5.3072732129066935e-06], "6": [163.852245936318, -4.719930970509267e-06], "7": [175.1684613606286, -5.528283480771279e-06], "8": [185.79672404697956, -1.4713832001689298e-06], "9": [195.8490721384684, -2.3523966348193426e-06], "10": [205.41005864219056, -4.489838119070555e-06], "11": [214.54540228465237, -2.9185461158931503e-06], "12": [223.30732633197104, -4.347543807625698e-06], "13": [231.73822493780224, -9.845551986131795e-06]}, "S": [2484.6507066999156, 0.0001565115794619487]}}